repo_name,easy_file,hard_file
hvds/seq,eulerian/eulerian.c,divrep/coul.c
hvds/seq,eulerian/eulerian.c,divrep/coultau.c
MRPT/mrpt,libs/opengl/include/mrpt/opengl/COpenGLViewport.h,libs/opengl/src/CBox.cpp
MRPT/mrpt,libs/opengl/include/mrpt/opengl/CAxis.h,libs/opengl/src/CBox.cpp
MRPT/mrpt,libs/opengl/include/mrpt/opengl/COpenGLViewport.h,libs/opengl/src/CDisk.cpp
MRPT/mrpt,libs/opengl/include/mrpt/opengl/CAxis.h,libs/opengl/src/CDisk.cpp
MRPT/mrpt,libs/opengl/include/mrpt/opengl/COpenGLViewport.h,libs/opengl/src/CMesh.cpp
MRPT/mrpt,libs/opengl/include/mrpt/opengl/CAxis.h,libs/opengl/src/CMesh.cpp
MRPT/mrpt,libs/opengl/include/mrpt/opengl/CAxis.h,libs/opengl/src/CArrow.cpp
MRPT/mrpt,libs/opengl/include/mrpt/opengl/COpenGLViewport.h,libs/opengl/src/CArrow.cpp
MRPT/mrpt,libs/opengl/include/mrpt/opengl/CFBORender.h,libs/opengl/src/CText3D.cpp
MRPT/mrpt,libs/opengl/include/mrpt/opengl/COpenGLViewport.h,libs/opengl/src/CCylinder.cpp
MRPT/mrpt,libs/opengl/include/mrpt/opengl/CAxis.h,libs/opengl/src/CCylinder.cpp
MRPT/mrpt,libs/opengl/include/mrpt/opengl/CAxis.h,libs/opengl/src/CPointCloud.cpp
MRPT/mrpt,libs/opengl/include/mrpt/opengl/COpenGLViewport.h,libs/opengl/src/CPointCloud.cpp
MRPT/mrpt,libs/opengl/include/mrpt/opengl/CAxis.h,libs/opengl/src/CPolyhedron.cpp
MRPT/mrpt,libs/opengl/include/mrpt/opengl/COpenGLViewport.h,libs/opengl/src/CPolyhedron.cpp
MRPT/mrpt,libs/opengl/include/mrpt/opengl/COpenGLViewport.h,libs/opengl/src/CSetOfLines.cpp
MRPT/mrpt,libs/opengl/include/mrpt/opengl/CAxis.h,libs/opengl/src/CSetOfLines.cpp
MRPT/mrpt,libs/opengl/include/mrpt/opengl/CAxis.h,libs/opengl/src/CSimpleLine.cpp
MRPT/mrpt,libs/opengl/include/mrpt/opengl/COpenGLViewport.h,libs/opengl/src/CSimpleLine.cpp
MRPT/mrpt,libs/opengl/include/mrpt/opengl/COpenGLVertexArrayObject.h,libs/opengl/src/RenderQueue.cpp
MRPT/mrpt,libs/opengl/include/mrpt/opengl/COpenGLViewport.h,libs/opengl/src/CGridPlaneXY.cpp
MRPT/mrpt,libs/opengl/include/mrpt/opengl/CAxis.h,libs/opengl/src/CGridPlaneXY.cpp
MRPT/mrpt,libs/opengl/include/mrpt/opengl/CAxis.h,libs/opengl/src/CGridPlaneXZ.cpp
MRPT/mrpt,libs/opengl/include/mrpt/opengl/COpenGLViewport.h,libs/opengl/src/CGridPlaneXZ.cpp
MRPT/mrpt,libs/opengl/include/mrpt/opengl/COpenGLViewport.h,libs/opengl/src/CSetOfObjects.cpp
MRPT/mrpt,libs/opengl/include/mrpt/opengl/CAxis.h,libs/opengl/src/CSetOfObjects.cpp
MRPT/mrpt,libs/opengl/include/mrpt/opengl/CAxis.h,libs/opengl/src/CTexturedPlane.cpp
MRPT/mrpt,libs/opengl/include/mrpt/opengl/COpenGLViewport.h,libs/opengl/src/CTexturedPlane.cpp
MRPT/mrpt,libs/opengl/include/mrpt/opengl/COpenGLViewport.h,libs/opengl/src/COpenGLViewport.cpp
MRPT/mrpt,libs/opengl/include/mrpt/opengl/CAxis.h,libs/opengl/src/COpenGLViewport.cpp
MRPT/mrpt,libs/opengl/include/mrpt/opengl/CAxis.h,libs/opengl/include/mrpt/opengl/CMesh.h
MRPT/mrpt,libs/opengl/include/mrpt/opengl/COpenGLViewport.h,libs/opengl/include/mrpt/opengl/CMesh.h
MRPT/mrpt,libs/opengl/include/mrpt/opengl/CAxis.h,libs/maps/src/opengl/CPlanarLaserScan.cpp
MRPT/mrpt,libs/opengl/include/mrpt/opengl/COpenGLViewport.h,libs/maps/src/opengl/CPlanarLaserScan.cpp
MRPT/mrpt,libs/opengl/include/mrpt/opengl/COpenGLVertexArrayObject.h,libs/opengl/src/CRenderizableShaderPoints.cpp
MRPT/mrpt,libs/opengl/include/mrpt/opengl/COpenGLViewport.h,libs/maps/src/opengl/CAngularObservationMesh.cpp
MRPT/mrpt,libs/opengl/include/mrpt/opengl/CAxis.h,libs/maps/src/opengl/CAngularObservationMesh.cpp
MRPT/mrpt,libs/opengl/include/mrpt/opengl/COpenGLVertexArrayObject.h,libs/opengl/src/CRenderizableShaderTriangles.cpp
MRPT/mrpt,libs/opengl/include/mrpt/opengl/COpenGLVertexArrayObject.h,libs/opengl/src/CRenderizableShaderTexturedTriangles.cpp
MRPT/mrpt,libs/opengl/include/mrpt/opengl/COpenGLVertexArrayObject.h,libs/opengl/include/mrpt/opengl/CRenderizableShaderTriangles.h
MRPT/mrpt,libs/opengl/include/mrpt/opengl/CFBORender.h,libs/opengl/include/mrpt/opengl/CGeneralizedEllipsoidTemplate.h
MRPT/mrpt,libs/opengl/include/mrpt/opengl/COpenGLVertexArrayObject.h,libs/opengl/include/mrpt/opengl/CRenderizableShaderTexturedTriangles.h
qgis/QGIS,src/core/project/qgsprojectgpssettings.cpp,src/core/gps/qgsgpslogger.cpp
qgis/QGIS,src/app/options/qgsgpsoptions.cpp,src/core/gps/qgsgpslogger.cpp
qgis/QGIS,src/core/gps/qgsvectorlayergpslogger.cpp,src/core/gps/qgsgpslogger.cpp
qgis/QGIS,src/core/project/qgsprojectgpssettings.h,src/core/gps/qgsgpslogger.cpp
qgis/QGIS,src/app/gps/qgsappgpslogging.cpp,src/core/gps/qgsgpslogger.cpp
qgis/QGIS,src/core/project/qgsprojectgpssettings.h,src/app/gps/qgsgpscanvasbridge.h
qgis/QGIS,src/app/options/qgsgpsoptions.cpp,src/app/gps/qgsgpscanvasbridge.h
qgis/QGIS,src/core/project/qgsprojectgpssettings.cpp,src/app/gps/qgsgpscanvasbridge.h
qgis/QGIS,src/app/gps/qgsappgpslogging.cpp,src/app/gps/qgsgpscanvasbridge.h
qgis/QGIS,src/core/gps/qgsvectorlayergpslogger.cpp,src/app/gps/qgsgpscanvasbridge.h
qgis/QGIS,src/core/project/qgsprojectgpssettings.cpp,src/app/gps/qgsappgpsconnection.h
qgis/QGIS,src/core/gps/qgsvectorlayergpslogger.cpp,src/app/gps/qgsappgpsconnection.h
qgis/QGIS,src/app/options/qgsgpsoptions.cpp,src/app/gps/qgsappgpsconnection.h
qgis/QGIS,src/app/gps/qgsappgpslogging.cpp,src/app/gps/qgsappgpsconnection.h
qgis/QGIS,src/core/project/qgsprojectgpssettings.h,src/app/gps/qgsappgpsconnection.h
qgis/QGIS,src/app/options/qgsgpsoptions.cpp,src/app/gps/qgsappgpsconnection.cpp
qgis/QGIS,src/core/project/qgsprojectgpssettings.h,src/app/gps/qgsappgpsconnection.cpp
qgis/QGIS,src/core/gps/qgsvectorlayergpslogger.cpp,src/app/gps/qgsappgpsconnection.cpp
qgis/QGIS,src/core/project/qgsprojectgpssettings.cpp,src/app/gps/qgsappgpsconnection.cpp
qgis/QGIS,src/app/gps/qgsappgpslogging.cpp,src/app/gps/qgsappgpsconnection.cpp
qgis/QGIS,src/app/gps/qgsappgpslogging.cpp,src/core/textrenderer/qgstextdocumentmetrics.cpp
qgis/QGIS,src/core/gps/qgsvectorlayergpslogger.cpp,src/core/textrenderer/qgstextdocumentmetrics.cpp
qgis/QGIS,src/core/project/qgsprojectgpssettings.cpp,src/core/textrenderer/qgstextdocumentmetrics.cpp
qgis/QGIS,src/core/project/qgsprojectgpssettings.h,src/core/textrenderer/qgstextdocumentmetrics.cpp
qgis/QGIS,src/app/options/qgsgpsoptions.cpp,src/core/textrenderer/qgstextdocumentmetrics.cpp
google/iree,compiler/src/iree/compiler/Dialect/HAL/Conversion/StreamToHAL/ConvertStreamToHAL.cpp,runtime/src/iree/hal/drivers/vulkan/vulkan_device.cc
google/iree,compiler/src/iree/compiler/Dialect/HAL/Conversion/StreamToHAL/ConvertStreamToHAL.cpp,compiler/src/iree/compiler/Dialect/HAL/Target/LLVM/LLVMCPUTarget.cpp
google/mozc,src/ipc/ipc.h,src/session/session_converter.cc
google/mozc,src/ipc/ipc.h,src/converter/converter_interface.h
KDE/kdenlive,src/bin/model/markersortmodel.h,src/project/dialogs/guideslist.h
KDE/kdenlive,src/dialogs/multiplemarkerdialog.cpp,src/project/dialogs/guideslist.h
KDE/kdenlive,src/project/dialogs/guidecategories.h,src/project/dialogs/guideslist.h
KDE/kdenlive,src/bin/model/markersortmodel.cpp,src/project/dialogs/guideslist.h
KDE/kdenlive,src/mltcontroller/clipcontroller.cpp,src/mltcontroller/clippropertiescontroller.h
KDE/kdenlive,src/mltcontroller/clipcontroller.h,src/mltcontroller/clippropertiescontroller.h
brltty/brltty,Drivers/Screen/TerminalEmulator/em_screen.c,Programs/cmdline.c
lpereira/lwan,src/lib/lwan.h,src/lib/lwan-coro.c
lpereira/lwan,src/lib/lwan.h,src/lib/lwan-request.c
mgba-emu/mgba,src/platform/qt/ForwarderGenerator.h,src/platform/qt/ForwarderGenerator3DS.cpp
mgba-emu/mgba,src/platform/qt/ForwarderController.h,src/platform/qt/ForwarderGenerator3DS.cpp
mgba-emu/mgba,src/platform/qt/ForwarderView.cpp,src/platform/qt/ForwarderGenerator3DS.cpp
tumic0/GPXSee,src/map/ENC/style.h,src/map/ENC/objects.h
tumic0/GPXSee,src/map/ENC/mapdata.h,src/map/ENC/objects.h
tumic0/GPXSee,src/map/ENC/mapdata.h,src/map/ENC/style.cpp
tumic0/GPXSee,src/map/ENC/style.h,src/map/ENC/style.cpp
tumic0/GPXSee,src/map/ENC/style.h,src/map/ENC/mapdata.cpp
tumic0/GPXSee,src/map/ENC/mapdata.h,src/map/ENC/mapdata.cpp
CESNET/libyang,src/printer_yang.c,src/tree_data.c
CESNET/libyang,src/schema_compile.c,src/schema_compile_node.c
CESNET/libyang,src/schema_compile.c,src/schema_compile_amend.c
MariaDB/server,storage/innobase/rem/rem0rec.cc,storage/innobase/mtr/mtr0mtr.cc
MariaDB/server,storage/innobase/read/read0read.cc,storage/innobase/mtr/mtr0mtr.cc
MariaDB/server,storage/innobase/ut/ut0dbg.cc,storage/innobase/mtr/mtr0mtr.cc
MariaDB/server,storage/innobase/fts/fts0opt.cc,storage/innobase/mtr/mtr0mtr.cc
dpt/PrivateEye,apps/PrivateEye/!PrivatEye/choicesdat.c,apps/PrivateEye/!PrivatEye/display.c
dpt/PrivateEye,apps/PrivateEye/!PrivatEye/privateeye.h,apps/PrivateEye/!PrivatEye/display.c
dpt/PrivateEye,apps/PrivateEye/!PrivatEye/eye.c,apps/PrivateEye/!PrivatEye/display.c
dpt/PrivateEye,libs/appengine/graphics/imagecache.h,libs/appengine/graphics/imagecache/imagecache.c
gansm/finalcut,final/fobject.h,final/output/tty/fterm_functions.h
gansm/finalcut,final/input/fkeyboard.h,final/output/tty/fterm_functions.h
gansm/finalcut,final/fapplication.cpp,final/output/tty/fterm_functions.h
gansm/finalcut,final/util/flog.h,final/output/tty/fterm_functions.h
gansm/finalcut,final/input/fmouse.h,final/output/tty/fterm_functions.h
gansm/finalcut,final/output/tty/ftermoutput.h,final/output/tty/fterm_functions.h
gansm/finalcut,final/input/fkeyboard.cpp,final/output/tty/fterm_functions.h
google/highway,hwy/contrib/bit_pack/bit_pack-inl.h,hwy/ops/emu128-inl.h
google/highway,hwy/contrib/bit_pack/bit_pack-inl.h,hwy/contrib/sort/vqsort-inl.h
google/riegeli,riegeli/bytes/backward_writer.h,riegeli/base/dependency.h
google/riegeli,riegeli/bytes/string_writer.h,riegeli/base/dependency.h
google/riegeli,riegeli/bytes/chain_writer.h,riegeli/base/dependency.h
google/riegeli,riegeli/bytes/chain_backward_writer.h,riegeli/base/dependency.h
google/riegeli,riegeli/bytes/backward_writer.h,riegeli/bytes/fd_writer.cc
google/riegeli,riegeli/bytes/chain_writer.h,riegeli/bytes/fd_writer.cc
google/riegeli,riegeli/bytes/string_writer.h,riegeli/bytes/fd_writer.cc
google/riegeli,riegeli/bytes/chain_backward_writer.h,riegeli/bytes/fd_writer.cc
google/riegeli,riegeli/bytes/resizable_writer.h,riegeli/bytes/cfile_writer.cc
google/riegeli,riegeli/bytes/cfile_dependency.h,riegeli/bytes/cfile_writer.cc
google/riegeli,python/riegeli/base/utils.h,riegeli/bytes/istream_reader.cc
google/riegeli,riegeli/bytes/writer_ostream.h,riegeli/bytes/istream_reader.cc
google/riegeli,riegeli/bytes/writer_ostream.h,riegeli/bytes/ostream_writer.cc
google/riegeli,python/riegeli/base/utils.h,riegeli/bytes/ostream_writer.cc
awsteiner/o2scl,src/base/base_python.h,bin/yanic.cpp
awsteiner/o2scl,src/base/base_python.cpp,bin/yanic.cpp
awsteiner/o2scl,src/hdf/hdf_python.cpp,bin/yanic.cpp
awsteiner/o2scl,src/other/exp_max.h,bin/yanic.cpp
awsteiner/o2scl,src/hdf/acolm_tz.cpp,src/hdf/acolm_ps.cpp
awsteiner/o2scl,src/hdf/acolm_df.cpp,src/hdf/acolm_ps.cpp
craigbarnes/dte,src/editor.c,src/main.c
craigbarnes/dte,src/window.h,src/main.c
craigbarnes/dte,src/frame.c,src/main.c
craigbarnes/dte,src/completion.c,src/main.c
craigbarnes/dte,src/window.h,src/cmdline.c
craigbarnes/dte,src/frame.c,src/cmdline.c
craigbarnes/dte,src/editor.c,src/cmdline.c
craigbarnes/dte,src/completion.c,src/cmdline.c
craigbarnes/dte,src/syntax/highlight.c,src/syntax/state.c
eranif/codelite,CodeLite/PlatformCommon.cpp,CodeFormatter/fmtBlack.cpp
eranif/codelite,CodeLite/PlatformCommon.cpp,CodeFormatter/GenericFormatter.hpp
openssl/openssl,ssl/record/methods/tlsany_meth.c,ssl/record/methods/tls_common.c
hyperquantum/PMP,src/server/users.cpp,src/gui-remote/mainwindow.cpp
hyperquantum/PMP,src/server/server-main.cpp,src/gui-remote/mainwindow.cpp
hyperquantum/PMP,src/server/database.h,src/gui-remote/mainwindow.cpp
ijacquez/libyaul,libyaul/kernel/dbgio/devices/vdp2.c,libyaul/scu/scu_dsp.c
ijacquez/libyaul,libyaul/scu/bus/b/vdp/vdp2/scrn.h,libyaul/scu/scu_dsp.c
ijacquez/libyaul,libyaul/scu/bus/b/vdp/vdp2_scrn_mosaic.c,libyaul/scu/scu_dsp.c
ijacquez/libyaul,libyaul/scu/bus/b/vdp/vdp2_vram.c,libyaul/scu/scu_dsp.c
ijacquez/libyaul,libyaul/scu/bus/b/vdp/vdp2/vram.h,libyaul/scu/scu_dsp.c
ijacquez/libyaul,libyaul/kernel/dbgio/devices/vdp2.c,libyaul/scu/bus/cpu/cpu/frt.h
ijacquez/libyaul,libyaul/scu/bus/b/vdp/vdp2/vram.h,libyaul/scu/bus/cpu/cpu/frt.h
ijacquez/libyaul,libyaul/scu/bus/b/vdp/vdp2_scrn_mosaic.c,libyaul/scu/bus/cpu/cpu/frt.h
ijacquez/libyaul,libyaul/scu/bus/b/vdp/vdp2_vram.c,libyaul/scu/bus/cpu/cpu/frt.h
ijacquez/libyaul,libyaul/scu/bus/b/vdp/vdp2/scrn.h,libyaul/scu/bus/cpu/cpu/frt.h
ijacquez/libyaul,libyaul/scu/bus/b/vdp/vdp2/scrn.h,libyaul/scu/bus/cpu/cpu/wdt.h
ijacquez/libyaul,libyaul/scu/bus/b/vdp/vdp2_vram.c,libyaul/scu/bus/cpu/cpu/wdt.h
ijacquez/libyaul,libyaul/kernel/dbgio/devices/vdp2.c,libyaul/scu/bus/cpu/cpu/wdt.h
ijacquez/libyaul,libyaul/scu/bus/b/vdp/vdp2_scrn_mosaic.c,libyaul/scu/bus/cpu/cpu/wdt.h
ijacquez/libyaul,libyaul/scu/bus/b/vdp/vdp2/vram.h,libyaul/scu/bus/cpu/cpu/wdt.h
ijacquez/libyaul,libyaul/scu/bus/b/vdp/vdp2_scrn_mosaic.c,libyaul/scu/bus/cpu/cpu_frt.c
ijacquez/libyaul,libyaul/scu/bus/b/vdp/vdp2/scrn.h,libyaul/scu/bus/cpu/cpu_frt.c
ijacquez/libyaul,libyaul/scu/bus/b/vdp/vdp2_vram.c,libyaul/scu/bus/cpu/cpu_frt.c
ijacquez/libyaul,libyaul/scu/bus/b/vdp/vdp2/vram.h,libyaul/scu/bus/cpu/cpu_frt.c
ijacquez/libyaul,libyaul/kernel/dbgio/devices/vdp2.c,libyaul/scu/bus/cpu/cpu_frt.c
ijacquez/libyaul,libyaul/scu/bus/b/vdp/vdp2/scrn.h,libyaul/scu/bus/cpu/cpu/dual.h
ijacquez/libyaul,libyaul/scu/bus/b/vdp/vdp2_vram.c,libyaul/scu/bus/cpu/cpu/dual.h
ijacquez/libyaul,libyaul/scu/bus/b/vdp/vdp2/vram.h,libyaul/scu/bus/cpu/cpu/dual.h
ijacquez/libyaul,libyaul/kernel/dbgio/devices/vdp2.c,libyaul/scu/bus/cpu/cpu/dual.h
ijacquez/libyaul,libyaul/scu/bus/b/vdp/vdp2_scrn_mosaic.c,libyaul/scu/bus/cpu/cpu/dual.h
ijacquez/libyaul,libyaul/scu/bus/b/vdp/vdp2/vram.h,libyaul/scu/bus/cpu/cpu_dmac.c
ijacquez/libyaul,libyaul/scu/bus/b/vdp/vdp2_scrn_mosaic.c,libyaul/scu/bus/cpu/cpu_dmac.c
ijacquez/libyaul,libyaul/scu/bus/b/vdp/vdp2/scrn.h,libyaul/scu/bus/cpu/cpu_dmac.c
ijacquez/libyaul,libyaul/scu/bus/b/vdp/vdp2_vram.c,libyaul/scu/bus/cpu/cpu_dmac.c
ijacquez/libyaul,libyaul/kernel/dbgio/devices/vdp2.c,libyaul/scu/bus/cpu/cpu_dmac.c
ijacquez/libyaul,libyaul/scu/bus/b/vdp/vdp2/vram.h,libyaul/scu/bus/cpu/cpu_dual.c
ijacquez/libyaul,libyaul/kernel/dbgio/devices/vdp2.c,libyaul/scu/bus/cpu/cpu_dual.c
ijacquez/libyaul,libyaul/scu/bus/b/vdp/vdp2_vram.c,libyaul/scu/bus/cpu/cpu_dual.c
ijacquez/libyaul,libyaul/scu/bus/b/vdp/vdp2_scrn_mosaic.c,libyaul/scu/bus/cpu/cpu_dual.c
ijacquez/libyaul,libyaul/scu/bus/b/vdp/vdp2/scrn.h,libyaul/scu/bus/cpu/cpu_dual.c
nem0/LumixEngine,src/editor/utils.cpp,src/editor/studio_app.cpp
nem0/LumixEngine,src/editor/studio_app.h,src/editor/studio_app.cpp
nem0/LumixEngine,src/editor/profiler_ui.cpp,src/editor/studio_app.cpp
opengisch/QField,src/core/qgsquick/qgsquickelevationprofilecanvas.h,src/core/qgsquick/qgsquickelevationprofilecanvas.cpp
SAnsell/CombLayer,beamlineInc/PlateUnit.h,beamline/BenderUnit.cxx
SAnsell/CombLayer,beamlineInc/PlateUnit.h,beamlineInc/BenderUnit.h
SAnsell/CombLayer,Model/ESSBeam/dream/DREAM.cxx,Model/ESSBeam/loki/LOKI.cxx
SAnsell/CombLayer,Model/ESSBeam/vor/VOR.cxx,Model/ESSBeam/loki/LOKI.cxx
SAnsell/CombLayer,Model/ESSBeam/nmx/NMX.cxx,Model/ESSBeam/loki/LOKI.cxx
SAnsell/CombLayer,System/geometry/Vec3D.cxx,Model/ESSBeam/loki/LOKI.cxx
SAnsell/CombLayer,Model/ESSBeam/nmx/NMX.cxx,Model/ESSBeam/dream/DREAMvariables.cxx
SAnsell/CombLayer,Model/ESSBeam/dream/DREAM.cxx,Model/ESSBeam/dream/DREAMvariables.cxx
SAnsell/CombLayer,System/geometry/Vec3D.cxx,Model/ESSBeam/dream/DREAMvariables.cxx
SAnsell/CombLayer,Model/ESSBeam/vor/VOR.cxx,Model/ESSBeam/dream/DREAMvariables.cxx
exodusdb/exodusdb,service/src/srv/initgeneral.cpp,cli/src/nlist.cpp
exodusdb/exodusdb,service/src/srv/shutdownothers.cpp,cli/src/nlist.cpp
exodusdb/exodusdb,service/src/sys/ranges2list.cpp,cli/src/nlist.cpp
exodusdb/exodusdb,service/src/srv/sendmail.cpp,cli/src/nlist.cpp
exodusdb/exodusdb,service/src/srv/securitysubs.cpp,cli/src/nlist.cpp
exodusdb/exodusdb,service/src/srv/listen.cpp,cli/src/nlist.cpp
exodusdb/exodusdb,service/src/srv/listen2.cpp,cli/src/nlist.cpp
exodusdb/exodusdb,service/src/srv/monitor2.cpp,cli/src/nlist.cpp
exodusdb/exodusdb,service/src/srv/log2.cpp,cli/src/nlist.cpp
exodusdb/exodusdb,service/src/srv/uconvfile.cpp,cli/src/nlist.cpp
exodusdb/exodusdb,service/src/srv/builddict.cpp,cli/src/nlist.cpp
exodusdb/exodusdb,service/src/srv/listen5.cpp,cli/src/nlist.cpp
exodusdb/exodusdb,service/src/srv/getlang.cpp,cli/src/nlist.cpp
exodusdb/exodusdb,service/src/srv/autorun3.cpp,cli/src/nlist.cpp
exodusdb/exodusdb,service/src/srv/sendmail.cpp,cli/src/olist.cpp
exodusdb/exodusdb,service/src/srv/builddict.cpp,cli/src/olist.cpp
exodusdb/exodusdb,service/src/srv/log2.cpp,cli/src/olist.cpp
exodusdb/exodusdb,service/src/srv/listen2.cpp,cli/src/olist.cpp
exodusdb/exodusdb,service/src/srv/uconvfile.cpp,cli/src/olist.cpp
exodusdb/exodusdb,service/src/srv/getlang.cpp,cli/src/olist.cpp
exodusdb/exodusdb,service/src/srv/securitysubs.cpp,cli/src/olist.cpp
exodusdb/exodusdb,service/src/srv/listen5.cpp,cli/src/olist.cpp
exodusdb/exodusdb,service/src/srv/monitor2.cpp,cli/src/olist.cpp
exodusdb/exodusdb,service/src/srv/listen.cpp,cli/src/olist.cpp
exodusdb/exodusdb,service/src/sys/ranges2list.cpp,cli/src/olist.cpp
exodusdb/exodusdb,service/src/srv/autorun3.cpp,cli/src/olist.cpp
exodusdb/exodusdb,service/src/srv/shutdownothers.cpp,cli/src/olist.cpp
exodusdb/exodusdb,service/src/srv/initgeneral.cpp,cli/src/olist.cpp
exodusdb/exodusdb,service/src/sys/proxysubs.cpp,cli/src/dbcomp.cpp
exodusdb/exodusdb,service/src/exo/memspeed.cpp,cli/src/dbcomp.cpp
exodusdb/exodusdb,service/src/sys/log2.cpp,cli/src/dbgrep.cpp
exodusdb/exodusdb,service/src/sys/stopper.cpp,cli/src/dbgrep.cpp
exodusdb/exodusdb,service/src/exo/collectixvals.cpp,cli/src/dbgrep.cpp
exodusdb/exodusdb,service/src/sys/uconvfile.cpp,cli/src/dbgrep.cpp
exodusdb/exodusdb,service/src/sys/xrefsubs.cpp,cli/src/dbgrep.cpp
exodusdb/exodusdb,service/src/sys/holiday.cpp,cli/src/dbgrep.cpp
exodusdb/exodusdb,service/src/alt/listen3.cpp,cli/src/dbgrep.cpp
exodusdb/exodusdb,service/src/sys/convpdf.cpp,cli/src/dbgrep.cpp
exodusdb/exodusdb,service/src/exo/getcss.cpp,cli/src/dbgrep.cpp
exodusdb/exodusdb,service/src/exo/cats2.cpp,cli/src/dbgrep.cpp
exodusdb/exodusdb,service/src/sys/nextkey.cpp,cli/src/dbgrep.cpp
exodusdb/exodusdb,service/src/sys/sysmsg.cpp,cli/src/dbgrep.cpp
exodusdb/exodusdb,service/src/sys/weekly.cpp,cli/src/dbgrep.cpp
exodusdb/exodusdb,service/src/sys/getbackpars.cpp,cli/src/dbgrep.cpp
exodusdb/exodusdb,service/src/sys/autorun.cpp,cli/src/dbgrep.cpp
exodusdb/exodusdb,service/src/exo/filespeed.cpp,cli/src/dbgrep.cpp
exodusdb/exodusdb,service/src/exo/makedictview.cpp,cli/src/dbgrep.cpp
exodusdb/exodusdb,service/src/sys/securitysubs2.cpp,cli/src/dbgrep.cpp
exodusdb/exodusdb,service/src/sys/addcent4.cpp,cli/src/dbgrep.cpp
exodusdb/exodusdb,service/src/sys/amountinwords.cpp,cli/src/dbgrep.cpp
exodusdb/exodusdb,service/src/sys/dict_users.cpp,cli/src/dbgrep.cpp
exodusdb/exodusdb,service/src/exo/get.cpp,cli/src/dbgrep.cpp
exodusdb/exodusdb,service/src/sys/weekly2.cpp,cli/src/dbgrep.cpp
exodusdb/exodusdb,service/src/sys/daterangetext.cpp,cli/src/dbgrep.cpp
exodusdb/exodusdb,service/src/exo/subs.cpp,cli/src/dbgrep.cpp
exodusdb/exodusdb,service/src/sys/dict_processes.cpp,cli/src/dbgrep.cpp
exodusdb/exodusdb,service/src/sys/net.cpp,cli/src/dbgrep.cpp
exodusdb/exodusdb,service/src/sys/getsubs.cpp,cli/src/dbgrep.cpp
exodusdb/exodusdb,service/src/sys/taghtml.cpp,cli/src/dbgrep.cpp
exodusdb/exodusdb,service/src/sys/initcompany.cpp,cli/src/dbgrep.cpp
exodusdb/exodusdb,service/src/srv/listen.cpp,cli/src/syncdat.cpp
exodusdb/exodusdb,service/src/srv/listen5.cpp,cli/src/syncdat.cpp
exodusdb/exodusdb,service/src/srv/log2.cpp,cli/src/syncdat.cpp
exodusdb/exodusdb,service/src/srv/shutdownothers.cpp,cli/src/syncdat.cpp
exodusdb/exodusdb,service/src/srv/uconvfile.cpp,cli/src/syncdat.cpp
exodusdb/exodusdb,service/src/srv/listen2.cpp,cli/src/syncdat.cpp
exodusdb/exodusdb,service/src/srv/builddict.cpp,cli/src/syncdat.cpp
exodusdb/exodusdb,service/src/srv/initgeneral.cpp,cli/src/syncdat.cpp
exodusdb/exodusdb,service/src/srv/getlang.cpp,cli/src/syncdat.cpp
exodusdb/exodusdb,service/src/srv/autorun3.cpp,cli/src/syncdat.cpp
exodusdb/exodusdb,service/src/srv/securitysubs.cpp,cli/src/syncdat.cpp
exodusdb/exodusdb,service/src/srv/monitor2.cpp,cli/src/syncdat.cpp
exodusdb/exodusdb,service/src/srv/sendmail.cpp,cli/src/syncdat.cpp
exodusdb/exodusdb,service/src/sys/ranges2list.cpp,cli/src/syncdat.cpp
exodusdb/exodusdb,service/src/srv/builddict.cpp,cli/src/htmllib2.cpp
exodusdb/exodusdb,service/src/srv/initgeneral.cpp,cli/src/htmllib2.cpp
exodusdb/exodusdb,service/src/srv/uconvfile.cpp,cli/src/htmllib2.cpp
exodusdb/exodusdb,service/src/srv/monitor2.cpp,cli/src/htmllib2.cpp
exodusdb/exodusdb,service/src/srv/listen2.cpp,cli/src/htmllib2.cpp
exodusdb/exodusdb,service/src/sys/ranges2list.cpp,cli/src/htmllib2.cpp
exodusdb/exodusdb,service/src/srv/sendmail.cpp,cli/src/htmllib2.cpp
exodusdb/exodusdb,service/src/srv/listen.cpp,cli/src/htmllib2.cpp
exodusdb/exodusdb,service/src/srv/getlang.cpp,cli/src/htmllib2.cpp
exodusdb/exodusdb,service/src/srv/securitysubs.cpp,cli/src/htmllib2.cpp
exodusdb/exodusdb,service/src/srv/listen5.cpp,cli/src/htmllib2.cpp
exodusdb/exodusdb,service/src/srv/log2.cpp,cli/src/htmllib2.cpp
exodusdb/exodusdb,service/src/srv/shutdownothers.cpp,cli/src/htmllib2.cpp
exodusdb/exodusdb,service/src/srv/autorun3.cpp,cli/src/htmllib2.cpp
exodusdb/exodusdb,service/src/srv/listen.cpp,cli/src/convsyntax.cpp
exodusdb/exodusdb,service/src/srv/sendmail.cpp,cli/src/convsyntax.cpp
exodusdb/exodusdb,service/src/srv/initgeneral.cpp,cli/src/convsyntax.cpp
exodusdb/exodusdb,service/src/srv/log2.cpp,cli/src/convsyntax.cpp
exodusdb/exodusdb,service/src/srv/listen5.cpp,cli/src/convsyntax.cpp
exodusdb/exodusdb,service/src/srv/builddict.cpp,cli/src/convsyntax.cpp
exodusdb/exodusdb,service/src/srv/uconvfile.cpp,cli/src/convsyntax.cpp
exodusdb/exodusdb,service/src/srv/listen2.cpp,cli/src/convsyntax.cpp
exodusdb/exodusdb,service/src/srv/shutdownothers.cpp,cli/src/convsyntax.cpp
exodusdb/exodusdb,service/src/srv/monitor2.cpp,cli/src/convsyntax.cpp
exodusdb/exodusdb,service/src/srv/getlang.cpp,cli/src/convsyntax.cpp
exodusdb/exodusdb,service/src/srv/securitysubs.cpp,cli/src/convsyntax.cpp
exodusdb/exodusdb,service/src/srv/autorun3.cpp,cli/src/convsyntax.cpp
exodusdb/exodusdb,service/src/sys/ranges2list.cpp,cli/src/convsyntax.cpp
exodusdb/exodusdb,service/src/sys/dict_processes.cpp,service/src/sys/nlist.cpp
exodusdb/exodusdb,service/src/sys/log2.cpp,service/src/sys/nlist.cpp
exodusdb/exodusdb,service/src/exo/filespeed.cpp,service/src/sys/nlist.cpp
exodusdb/exodusdb,service/src/sys/amountinwords.cpp,service/src/sys/nlist.cpp
exodusdb/exodusdb,service/src/sys/addcent4.cpp,service/src/sys/nlist.cpp
exodusdb/exodusdb,service/src/sys/securitysubs2.cpp,service/src/sys/nlist.cpp
exodusdb/exodusdb,service/src/sys/sysmsg.cpp,service/src/sys/nlist.cpp
exodusdb/exodusdb,service/src/sys/net.cpp,service/src/sys/nlist.cpp
exodusdb/exodusdb,service/src/exo/getcss.cpp,service/src/sys/nlist.cpp
exodusdb/exodusdb,service/src/sys/stopper.cpp,service/src/sys/nlist.cpp
exodusdb/exodusdb,service/src/exo/makedictview.cpp,service/src/sys/nlist.cpp
exodusdb/exodusdb,service/src/sys/convpdf.cpp,service/src/sys/nlist.cpp
exodusdb/exodusdb,service/src/sys/daterangetext.cpp,service/src/sys/nlist.cpp
exodusdb/exodusdb,service/src/alt/listen3.cpp,service/src/sys/nlist.cpp
exodusdb/exodusdb,service/src/exo/subs.cpp,service/src/sys/nlist.cpp
exodusdb/exodusdb,service/src/exo/cats2.cpp,service/src/sys/nlist.cpp
exodusdb/exodusdb,service/src/sys/weekly2.cpp,service/src/sys/nlist.cpp
exodusdb/exodusdb,service/src/sys/getbackpars.cpp,service/src/sys/nlist.cpp
exodusdb/exodusdb,service/src/exo/collectixvals.cpp,service/src/sys/nlist.cpp
exodusdb/exodusdb,service/src/sys/getsubs.cpp,service/src/sys/nlist.cpp
exodusdb/exodusdb,service/src/sys/uconvfile.cpp,service/src/sys/nlist.cpp
exodusdb/exodusdb,service/src/sys/autorun.cpp,service/src/sys/nlist.cpp
exodusdb/exodusdb,service/src/sys/initcompany.cpp,service/src/sys/nlist.cpp
exodusdb/exodusdb,service/src/exo/get.cpp,service/src/sys/nlist.cpp
exodusdb/exodusdb,service/src/sys/weekly.cpp,service/src/sys/nlist.cpp
exodusdb/exodusdb,service/src/sys/xrefsubs.cpp,service/src/sys/nlist.cpp
exodusdb/exodusdb,service/src/sys/holiday.cpp,service/src/sys/nlist.cpp
exodusdb/exodusdb,service/src/sys/taghtml.cpp,service/src/sys/nlist.cpp
exodusdb/exodusdb,service/src/sys/dict_users.cpp,service/src/sys/nlist.cpp
exodusdb/exodusdb,service/src/sys/nextkey.cpp,service/src/sys/nlist.cpp
exodusdb/exodusdb,service/src/sys/daterangetext.cpp,service/src/sys/convcsv.cpp
exodusdb/exodusdb,service/src/exo/filespeed.cpp,service/src/sys/convcsv.cpp
exodusdb/exodusdb,service/src/sys/weekly.cpp,service/src/sys/convcsv.cpp
exodusdb/exodusdb,service/src/exo/get.cpp,service/src/sys/convcsv.cpp
exodusdb/exodusdb,service/src/sys/getbackpars.cpp,service/src/sys/convcsv.cpp
exodusdb/exodusdb,service/src/sys/net.cpp,service/src/sys/convcsv.cpp
exodusdb/exodusdb,service/src/sys/sysmsg.cpp,service/src/sys/convcsv.cpp
exodusdb/exodusdb,service/src/sys/taghtml.cpp,service/src/sys/convcsv.cpp
exodusdb/exodusdb,service/src/sys/nextkey.cpp,service/src/sys/convcsv.cpp
exodusdb/exodusdb,service/src/sys/dict_users.cpp,service/src/sys/convcsv.cpp
exodusdb/exodusdb,service/src/sys/xrefsubs.cpp,service/src/sys/convcsv.cpp
exodusdb/exodusdb,service/src/sys/addcent4.cpp,service/src/sys/convcsv.cpp
exodusdb/exodusdb,service/src/sys/securitysubs2.cpp,service/src/sys/convcsv.cpp
exodusdb/exodusdb,service/src/sys/log2.cpp,service/src/sys/convcsv.cpp
exodusdb/exodusdb,service/src/sys/convpdf.cpp,service/src/sys/convcsv.cpp
exodusdb/exodusdb,service/src/exo/cats2.cpp,service/src/sys/convcsv.cpp
exodusdb/exodusdb,service/src/sys/dict_processes.cpp,service/src/sys/convcsv.cpp
exodusdb/exodusdb,service/src/sys/weekly2.cpp,service/src/sys/convcsv.cpp
exodusdb/exodusdb,service/src/sys/holiday.cpp,service/src/sys/convcsv.cpp
exodusdb/exodusdb,service/src/exo/getcss.cpp,service/src/sys/convcsv.cpp
exodusdb/exodusdb,service/src/sys/stopper.cpp,service/src/sys/convcsv.cpp
exodusdb/exodusdb,service/src/exo/subs.cpp,service/src/sys/convcsv.cpp
exodusdb/exodusdb,service/src/sys/initcompany.cpp,service/src/sys/convcsv.cpp
exodusdb/exodusdb,service/src/exo/makedictview.cpp,service/src/sys/convcsv.cpp
exodusdb/exodusdb,service/src/alt/listen3.cpp,service/src/sys/convcsv.cpp
exodusdb/exodusdb,service/src/sys/amountinwords.cpp,service/src/sys/convcsv.cpp
exodusdb/exodusdb,service/src/sys/uconvfile.cpp,service/src/sys/convcsv.cpp
exodusdb/exodusdb,service/src/exo/collectixvals.cpp,service/src/sys/convcsv.cpp
exodusdb/exodusdb,service/src/sys/getsubs.cpp,service/src/sys/convcsv.cpp
exodusdb/exodusdb,service/src/sys/autorun.cpp,service/src/sys/convcsv.cpp
exodusdb/exodusdb,service/src/sys/getsubs.cpp,service/src/sys/gethtml.cpp
exodusdb/exodusdb,service/src/sys/stopper.cpp,service/src/sys/gethtml.cpp
exodusdb/exodusdb,service/src/sys/weekly.cpp,service/src/sys/gethtml.cpp
exodusdb/exodusdb,service/src/sys/uconvfile.cpp,service/src/sys/gethtml.cpp
exodusdb/exodusdb,service/src/exo/get.cpp,service/src/sys/gethtml.cpp
exodusdb/exodusdb,service/src/exo/getcss.cpp,service/src/sys/gethtml.cpp
exodusdb/exodusdb,service/src/alt/listen3.cpp,service/src/sys/gethtml.cpp
exodusdb/exodusdb,service/src/exo/makedictview.cpp,service/src/sys/gethtml.cpp
exodusdb/exodusdb,service/src/sys/convpdf.cpp,service/src/sys/gethtml.cpp
exodusdb/exodusdb,service/src/sys/net.cpp,service/src/sys/gethtml.cpp
exodusdb/exodusdb,service/src/sys/dict_processes.cpp,service/src/sys/gethtml.cpp
exodusdb/exodusdb,service/src/sys/daterangetext.cpp,service/src/sys/gethtml.cpp
exodusdb/exodusdb,service/src/exo/cats2.cpp,service/src/sys/gethtml.cpp
exodusdb/exodusdb,service/src/sys/initcompany.cpp,service/src/sys/gethtml.cpp
exodusdb/exodusdb,service/src/sys/holiday.cpp,service/src/sys/gethtml.cpp
exodusdb/exodusdb,service/src/sys/securitysubs2.cpp,service/src/sys/gethtml.cpp
exodusdb/exodusdb,service/src/sys/sysmsg.cpp,service/src/sys/gethtml.cpp
exodusdb/exodusdb,service/src/sys/nextkey.cpp,service/src/sys/gethtml.cpp
exodusdb/exodusdb,service/src/exo/filespeed.cpp,service/src/sys/gethtml.cpp
exodusdb/exodusdb,service/src/sys/taghtml.cpp,service/src/sys/gethtml.cpp
exodusdb/exodusdb,service/src/sys/autorun.cpp,service/src/sys/gethtml.cpp
exodusdb/exodusdb,service/src/sys/getbackpars.cpp,service/src/sys/gethtml.cpp
exodusdb/exodusdb,service/src/sys/amountinwords.cpp,service/src/sys/gethtml.cpp
exodusdb/exodusdb,service/src/sys/log2.cpp,service/src/sys/gethtml.cpp
exodusdb/exodusdb,service/src/exo/collectixvals.cpp,service/src/sys/gethtml.cpp
exodusdb/exodusdb,service/src/sys/dict_users.cpp,service/src/sys/gethtml.cpp
exodusdb/exodusdb,service/src/sys/weekly2.cpp,service/src/sys/gethtml.cpp
exodusdb/exodusdb,service/src/exo/subs.cpp,service/src/sys/gethtml.cpp
exodusdb/exodusdb,service/src/sys/addcent4.cpp,service/src/sys/gethtml.cpp
exodusdb/exodusdb,service/src/sys/xrefsubs.cpp,service/src/sys/gethtml.cpp
exodusdb/exodusdb,service/src/srv/shutdownothers.cpp,exodus/libexodus/exodus/var.h
exodusdb/exodusdb,service/src/srv/sendmail.cpp,exodus/libexodus/exodus/var.h
exodusdb/exodusdb,service/src/srv/getlang.cpp,exodus/libexodus/exodus/var.h
exodusdb/exodusdb,service/src/srv/monitor2.cpp,exodus/libexodus/exodus/var.h
exodusdb/exodusdb,service/src/srv/uconvfile.cpp,exodus/libexodus/exodus/var.h
exodusdb/exodusdb,service/src/srv/listen2.cpp,exodus/libexodus/exodus/var.h
exodusdb/exodusdb,service/src/srv/log2.cpp,exodus/libexodus/exodus/var.h
exodusdb/exodusdb,service/src/srv/securitysubs.cpp,exodus/libexodus/exodus/var.h
exodusdb/exodusdb,service/src/srv/initgeneral.cpp,exodus/libexodus/exodus/var.h
exodusdb/exodusdb,service/src/srv/autorun3.cpp,exodus/libexodus/exodus/var.h
exodusdb/exodusdb,service/src/srv/listen5.cpp,exodus/libexodus/exodus/var.h
exodusdb/exodusdb,service/src/srv/builddict.cpp,exodus/libexodus/exodus/var.h
exodusdb/exodusdb,service/src/sys/ranges2list.cpp,exodus/libexodus/exodus/var.h
exodusdb/exodusdb,service/src/srv/listen.cpp,exodus/libexodus/exodus/var.h
exodusdb/exodusdb,service/src/sys/securitysubs2.cpp,service/src/exo/getsortjs.cpp
exodusdb/exodusdb,service/src/sys/initcompany.cpp,service/src/exo/getsortjs.cpp
exodusdb/exodusdb,service/src/sys/holiday.cpp,service/src/exo/getsortjs.cpp
exodusdb/exodusdb,service/src/sys/autorun.cpp,service/src/exo/getsortjs.cpp
exodusdb/exodusdb,service/src/alt/listen3.cpp,service/src/exo/getsortjs.cpp
exodusdb/exodusdb,service/src/sys/uconvfile.cpp,service/src/exo/getsortjs.cpp
exodusdb/exodusdb,service/src/sys/log2.cpp,service/src/exo/getsortjs.cpp
exodusdb/exodusdb,service/src/sys/amountinwords.cpp,service/src/exo/getsortjs.cpp
exodusdb/exodusdb,service/src/exo/getcss.cpp,service/src/exo/getsortjs.cpp
exodusdb/exodusdb,service/src/sys/xrefsubs.cpp,service/src/exo/getsortjs.cpp
exodusdb/exodusdb,service/src/exo/subs.cpp,service/src/exo/getsortjs.cpp
exodusdb/exodusdb,service/src/exo/get.cpp,service/src/exo/getsortjs.cpp
exodusdb/exodusdb,service/src/sys/daterangetext.cpp,service/src/exo/getsortjs.cpp
exodusdb/exodusdb,service/src/sys/weekly.cpp,service/src/exo/getsortjs.cpp
exodusdb/exodusdb,service/src/sys/dict_users.cpp,service/src/exo/getsortjs.cpp
exodusdb/exodusdb,service/src/sys/getsubs.cpp,service/src/exo/getsortjs.cpp
exodusdb/exodusdb,service/src/sys/taghtml.cpp,service/src/exo/getsortjs.cpp
exodusdb/exodusdb,service/src/sys/convpdf.cpp,service/src/exo/getsortjs.cpp
exodusdb/exodusdb,service/src/exo/collectixvals.cpp,service/src/exo/getsortjs.cpp
exodusdb/exodusdb,service/src/sys/net.cpp,service/src/exo/getsortjs.cpp
exodusdb/exodusdb,service/src/sys/getbackpars.cpp,service/src/exo/getsortjs.cpp
exodusdb/exodusdb,service/src/sys/sysmsg.cpp,service/src/exo/getsortjs.cpp
exodusdb/exodusdb,service/src/exo/filespeed.cpp,service/src/exo/getsortjs.cpp
exodusdb/exodusdb,service/src/exo/cats2.cpp,service/src/exo/getsortjs.cpp
exodusdb/exodusdb,service/src/sys/nextkey.cpp,service/src/exo/getsortjs.cpp
exodusdb/exodusdb,service/src/exo/makedictview.cpp,service/src/exo/getsortjs.cpp
exodusdb/exodusdb,service/src/sys/weekly2.cpp,service/src/exo/getsortjs.cpp
exodusdb/exodusdb,service/src/sys/stopper.cpp,service/src/exo/getsortjs.cpp
exodusdb/exodusdb,service/src/sys/dict_processes.cpp,service/src/exo/getsortjs.cpp
exodusdb/exodusdb,service/src/sys/addcent4.cpp,service/src/exo/getsortjs.cpp
exodusdb/exodusdb,service/src/sys/stopper.cpp,service/src/sys/liststats.cpp
exodusdb/exodusdb,service/src/exo/cats2.cpp,service/src/sys/liststats.cpp
exodusdb/exodusdb,service/src/sys/uconvfile.cpp,service/src/sys/liststats.cpp
exodusdb/exodusdb,service/src/sys/holiday.cpp,service/src/sys/liststats.cpp
exodusdb/exodusdb,service/src/sys/sysmsg.cpp,service/src/sys/liststats.cpp
exodusdb/exodusdb,service/src/sys/xrefsubs.cpp,service/src/sys/liststats.cpp
exodusdb/exodusdb,service/src/alt/listen3.cpp,service/src/sys/liststats.cpp
exodusdb/exodusdb,service/src/sys/dict_users.cpp,service/src/sys/liststats.cpp
exodusdb/exodusdb,service/src/sys/convpdf.cpp,service/src/sys/liststats.cpp
exodusdb/exodusdb,service/src/sys/taghtml.cpp,service/src/sys/liststats.cpp
exodusdb/exodusdb,service/src/sys/securitysubs2.cpp,service/src/sys/liststats.cpp
exodusdb/exodusdb,service/src/sys/weekly.cpp,service/src/sys/liststats.cpp
exodusdb/exodusdb,service/src/sys/amountinwords.cpp,service/src/sys/liststats.cpp
exodusdb/exodusdb,service/src/sys/getsubs.cpp,service/src/sys/liststats.cpp
exodusdb/exodusdb,service/src/sys/log2.cpp,service/src/sys/liststats.cpp
exodusdb/exodusdb,service/src/exo/makedictview.cpp,service/src/sys/liststats.cpp
exodusdb/exodusdb,service/src/sys/nextkey.cpp,service/src/sys/liststats.cpp
exodusdb/exodusdb,service/src/sys/getbackpars.cpp,service/src/sys/liststats.cpp
exodusdb/exodusdb,service/src/sys/dict_processes.cpp,service/src/sys/liststats.cpp
exodusdb/exodusdb,service/src/exo/get.cpp,service/src/sys/liststats.cpp
exodusdb/exodusdb,service/src/exo/collectixvals.cpp,service/src/sys/liststats.cpp
exodusdb/exodusdb,service/src/sys/net.cpp,service/src/sys/liststats.cpp
exodusdb/exodusdb,service/src/exo/subs.cpp,service/src/sys/liststats.cpp
exodusdb/exodusdb,service/src/exo/getcss.cpp,service/src/sys/liststats.cpp
exodusdb/exodusdb,service/src/sys/weekly2.cpp,service/src/sys/liststats.cpp
exodusdb/exodusdb,service/src/sys/initcompany.cpp,service/src/sys/liststats.cpp
exodusdb/exodusdb,service/src/sys/daterangetext.cpp,service/src/sys/liststats.cpp
exodusdb/exodusdb,service/src/exo/filespeed.cpp,service/src/sys/liststats.cpp
exodusdb/exodusdb,service/src/sys/autorun.cpp,service/src/sys/liststats.cpp
exodusdb/exodusdb,service/src/sys/addcent4.cpp,service/src/sys/liststats.cpp
exodusdb/exodusdb,service/src/srv/log2.cpp,exodus/libexodus/exodus/var.cpp
exodusdb/exodusdb,service/src/sys/ranges2list.cpp,exodus/libexodus/exodus/var.cpp
exodusdb/exodusdb,service/src/srv/autorun3.cpp,exodus/libexodus/exodus/var.cpp
exodusdb/exodusdb,service/src/srv/builddict.cpp,exodus/libexodus/exodus/var.cpp
exodusdb/exodusdb,service/src/srv/sendmail.cpp,exodus/libexodus/exodus/var.cpp
exodusdb/exodusdb,service/src/srv/shutdownothers.cpp,exodus/libexodus/exodus/var.cpp
exodusdb/exodusdb,service/src/srv/uconvfile.cpp,exodus/libexodus/exodus/var.cpp
exodusdb/exodusdb,service/src/srv/listen2.cpp,exodus/libexodus/exodus/var.cpp
exodusdb/exodusdb,service/src/srv/initgeneral.cpp,exodus/libexodus/exodus/var.cpp
exodusdb/exodusdb,service/src/srv/listen.cpp,exodus/libexodus/exodus/var.cpp
exodusdb/exodusdb,service/src/srv/securitysubs.cpp,exodus/libexodus/exodus/var.cpp
exodusdb/exodusdb,service/src/srv/listen5.cpp,exodus/libexodus/exodus/var.cpp
exodusdb/exodusdb,service/src/srv/monitor2.cpp,exodus/libexodus/exodus/var.cpp
exodusdb/exodusdb,service/src/srv/getlang.cpp,exodus/libexodus/exodus/var.cpp
exodusdb/exodusdb,service/src/sys/dict_processes.cpp,service/src/sys/initgeneral.cpp
exodusdb/exodusdb,service/src/sys/xrefsubs.cpp,service/src/sys/initgeneral.cpp
exodusdb/exodusdb,service/src/sys/weekly2.cpp,service/src/sys/initgeneral.cpp
exodusdb/exodusdb,service/src/sys/holiday.cpp,service/src/sys/initgeneral.cpp
exodusdb/exodusdb,service/src/sys/getbackpars.cpp,service/src/sys/initgeneral.cpp
exodusdb/exodusdb,service/src/exo/subs.cpp,service/src/sys/initgeneral.cpp
exodusdb/exodusdb,service/src/sys/convpdf.cpp,service/src/sys/initgeneral.cpp
exodusdb/exodusdb,service/src/exo/get.cpp,service/src/sys/initgeneral.cpp
exodusdb/exodusdb,service/src/exo/collectixvals.cpp,service/src/sys/initgeneral.cpp
exodusdb/exodusdb,service/src/alt/listen3.cpp,service/src/sys/initgeneral.cpp
exodusdb/exodusdb,service/src/sys/nextkey.cpp,service/src/sys/initgeneral.cpp
exodusdb/exodusdb,service/src/sys/stopper.cpp,service/src/sys/initgeneral.cpp
exodusdb/exodusdb,service/src/exo/getcss.cpp,service/src/sys/initgeneral.cpp
exodusdb/exodusdb,service/src/sys/dict_users.cpp,service/src/sys/initgeneral.cpp
exodusdb/exodusdb,service/src/sys/autorun.cpp,service/src/sys/initgeneral.cpp
exodusdb/exodusdb,service/src/exo/cats2.cpp,service/src/sys/initgeneral.cpp
exodusdb/exodusdb,service/src/sys/taghtml.cpp,service/src/sys/initgeneral.cpp
exodusdb/exodusdb,service/src/sys/securitysubs2.cpp,service/src/sys/initgeneral.cpp
exodusdb/exodusdb,service/src/sys/sysmsg.cpp,service/src/sys/initgeneral.cpp
exodusdb/exodusdb,service/src/sys/initcompany.cpp,service/src/sys/initgeneral.cpp
exodusdb/exodusdb,service/src/exo/makedictview.cpp,service/src/sys/initgeneral.cpp
exodusdb/exodusdb,service/src/sys/log2.cpp,service/src/sys/initgeneral.cpp
exodusdb/exodusdb,service/src/sys/daterangetext.cpp,service/src/sys/initgeneral.cpp
exodusdb/exodusdb,service/src/exo/filespeed.cpp,service/src/sys/initgeneral.cpp
exodusdb/exodusdb,service/src/sys/addcent4.cpp,service/src/sys/initgeneral.cpp
exodusdb/exodusdb,service/src/sys/weekly.cpp,service/src/sys/initgeneral.cpp
exodusdb/exodusdb,service/src/sys/getsubs.cpp,service/src/sys/initgeneral.cpp
exodusdb/exodusdb,service/src/sys/amountinwords.cpp,service/src/sys/initgeneral.cpp
exodusdb/exodusdb,service/src/sys/uconvfile.cpp,service/src/sys/initgeneral.cpp
exodusdb/exodusdb,service/src/sys/net.cpp,service/src/sys/initgeneral.cpp
exodusdb/exodusdb,service/src/srv/builddict.cpp,exodus/libexodus/exodus/exoprog.h
exodusdb/exodusdb,service/src/srv/listen.cpp,exodus/libexodus/exodus/exoprog.h
exodusdb/exodusdb,service/src/srv/monitor2.cpp,exodus/libexodus/exodus/exoprog.h
exodusdb/exodusdb,service/src/srv/listen5.cpp,exodus/libexodus/exodus/exoprog.h
exodusdb/exodusdb,service/src/sys/ranges2list.cpp,exodus/libexodus/exodus/exoprog.h
exodusdb/exodusdb,service/src/srv/listen2.cpp,exodus/libexodus/exodus/exoprog.h
exodusdb/exodusdb,service/src/srv/log2.cpp,exodus/libexodus/exodus/exoprog.h
exodusdb/exodusdb,service/src/srv/uconvfile.cpp,exodus/libexodus/exodus/exoprog.h
exodusdb/exodusdb,service/src/srv/securitysubs.cpp,exodus/libexodus/exodus/exoprog.h
exodusdb/exodusdb,service/src/srv/shutdownothers.cpp,exodus/libexodus/exodus/exoprog.h
exodusdb/exodusdb,service/src/srv/sendmail.cpp,exodus/libexodus/exodus/exoprog.h
exodusdb/exodusdb,service/src/srv/getlang.cpp,exodus/libexodus/exodus/exoprog.h
exodusdb/exodusdb,service/src/srv/initgeneral.cpp,exodus/libexodus/exodus/exoprog.h
exodusdb/exodusdb,service/src/srv/autorun3.cpp,exodus/libexodus/exodus/exoprog.h
exodusdb/exodusdb,service/src/srv/securitysubs.cpp,exodus/libexodus/exodus/exofuncs.h
exodusdb/exodusdb,service/src/srv/sendmail.cpp,exodus/libexodus/exodus/exofuncs.h
exodusdb/exodusdb,service/src/srv/log2.cpp,exodus/libexodus/exodus/exofuncs.h
exodusdb/exodusdb,service/src/srv/initgeneral.cpp,exodus/libexodus/exodus/exofuncs.h
exodusdb/exodusdb,service/src/srv/listen.cpp,exodus/libexodus/exodus/exofuncs.h
exodusdb/exodusdb,service/src/srv/listen2.cpp,exodus/libexodus/exodus/exofuncs.h
exodusdb/exodusdb,service/src/srv/builddict.cpp,exodus/libexodus/exodus/exofuncs.h
exodusdb/exodusdb,service/src/srv/getlang.cpp,exodus/libexodus/exodus/exofuncs.h
exodusdb/exodusdb,service/src/srv/shutdownothers.cpp,exodus/libexodus/exodus/exofuncs.h
exodusdb/exodusdb,service/src/srv/listen5.cpp,exodus/libexodus/exodus/exofuncs.h
exodusdb/exodusdb,service/src/srv/autorun3.cpp,exodus/libexodus/exodus/exofuncs.h
exodusdb/exodusdb,service/src/srv/uconvfile.cpp,exodus/libexodus/exodus/exofuncs.h
exodusdb/exodusdb,service/src/srv/monitor2.cpp,exodus/libexodus/exodus/exofuncs.h
exodusdb/exodusdb,service/src/sys/ranges2list.cpp,exodus/libexodus/exodus/exofuncs.h
exodusdb/exodusdb,service/src/srv/log2.cpp,exodus/libexodus/exodus/timebank.h
exodusdb/exodusdb,service/src/srv/securitysubs.cpp,exodus/libexodus/exodus/timebank.h
exodusdb/exodusdb,service/src/sys/ranges2list.cpp,exodus/libexodus/exodus/timebank.h
exodusdb/exodusdb,service/src/srv/shutdownothers.cpp,exodus/libexodus/exodus/timebank.h
exodusdb/exodusdb,service/src/srv/uconvfile.cpp,exodus/libexodus/exodus/timebank.h
exodusdb/exodusdb,service/src/srv/autorun3.cpp,exodus/libexodus/exodus/timebank.h
exodusdb/exodusdb,service/src/srv/listen5.cpp,exodus/libexodus/exodus/timebank.h
exodusdb/exodusdb,service/src/srv/listen2.cpp,exodus/libexodus/exodus/timebank.h
exodusdb/exodusdb,service/src/srv/listen.cpp,exodus/libexodus/exodus/timebank.h
exodusdb/exodusdb,service/src/srv/builddict.cpp,exodus/libexodus/exodus/timebank.h
exodusdb/exodusdb,service/src/srv/getlang.cpp,exodus/libexodus/exodus/timebank.h
exodusdb/exodusdb,service/src/srv/initgeneral.cpp,exodus/libexodus/exodus/timebank.h
exodusdb/exodusdb,service/src/srv/sendmail.cpp,exodus/libexodus/exodus/timebank.h
exodusdb/exodusdb,service/src/srv/monitor2.cpp,exodus/libexodus/exodus/timebank.h
exodusdb/exodusdb,service/src/srv/sendmail.cpp,exodus/libexodus/exodus/exomacros.h
exodusdb/exodusdb,service/src/srv/monitor2.cpp,exodus/libexodus/exodus/exomacros.h
exodusdb/exodusdb,service/src/srv/listen5.cpp,exodus/libexodus/exodus/exomacros.h
exodusdb/exodusdb,service/src/srv/uconvfile.cpp,exodus/libexodus/exodus/exomacros.h
exodusdb/exodusdb,service/src/srv/listen.cpp,exodus/libexodus/exodus/exomacros.h
exodusdb/exodusdb,service/src/srv/listen2.cpp,exodus/libexodus/exodus/exomacros.h
exodusdb/exodusdb,service/src/srv/initgeneral.cpp,exodus/libexodus/exodus/exomacros.h
exodusdb/exodusdb,service/src/srv/autorun3.cpp,exodus/libexodus/exodus/exomacros.h
exodusdb/exodusdb,service/src/srv/shutdownothers.cpp,exodus/libexodus/exodus/exomacros.h
exodusdb/exodusdb,service/src/srv/builddict.cpp,exodus/libexodus/exodus/exomacros.h
exodusdb/exodusdb,service/src/sys/ranges2list.cpp,exodus/libexodus/exodus/exomacros.h
exodusdb/exodusdb,service/src/srv/securitysubs.cpp,exodus/libexodus/exodus/exomacros.h
exodusdb/exodusdb,service/src/srv/log2.cpp,exodus/libexodus/exodus/exomacros.h
exodusdb/exodusdb,service/src/srv/getlang.cpp,exodus/libexodus/exodus/exomacros.h
exodusdb/exodusdb,service/src/srv/listen5.cpp,exodus/libexodus/exodus/exoprog.cpp
exodusdb/exodusdb,service/src/sys/ranges2list.cpp,exodus/libexodus/exodus/exoprog.cpp
exodusdb/exodusdb,service/src/srv/listen2.cpp,exodus/libexodus/exodus/exoprog.cpp
exodusdb/exodusdb,service/src/srv/securitysubs.cpp,exodus/libexodus/exodus/exoprog.cpp
exodusdb/exodusdb,service/src/srv/listen.cpp,exodus/libexodus/exodus/exoprog.cpp
exodusdb/exodusdb,service/src/srv/initgeneral.cpp,exodus/libexodus/exodus/exoprog.cpp
exodusdb/exodusdb,service/src/srv/monitor2.cpp,exodus/libexodus/exodus/exoprog.cpp
exodusdb/exodusdb,service/src/srv/uconvfile.cpp,exodus/libexodus/exodus/exoprog.cpp
exodusdb/exodusdb,service/src/srv/sendmail.cpp,exodus/libexodus/exodus/exoprog.cpp
exodusdb/exodusdb,service/src/srv/getlang.cpp,exodus/libexodus/exodus/exoprog.cpp
exodusdb/exodusdb,service/src/srv/builddict.cpp,exodus/libexodus/exodus/exoprog.cpp
exodusdb/exodusdb,service/src/srv/log2.cpp,exodus/libexodus/exodus/exoprog.cpp
exodusdb/exodusdb,service/src/srv/shutdownothers.cpp,exodus/libexodus/exodus/exoprog.cpp
exodusdb/exodusdb,service/src/srv/autorun3.cpp,exodus/libexodus/exodus/exoprog.cpp
exodusdb/exodusdb,service/src/srv/autorun3.cpp,exodus/libexodus/exodus/printtx.hpp
exodusdb/exodusdb,service/src/srv/uconvfile.cpp,exodus/libexodus/exodus/printtx.hpp
exodusdb/exodusdb,service/src/srv/log2.cpp,exodus/libexodus/exodus/printtx.hpp
exodusdb/exodusdb,service/src/srv/listen2.cpp,exodus/libexodus/exodus/printtx.hpp
exodusdb/exodusdb,service/src/srv/securitysubs.cpp,exodus/libexodus/exodus/printtx.hpp
exodusdb/exodusdb,service/src/srv/builddict.cpp,exodus/libexodus/exodus/printtx.hpp
exodusdb/exodusdb,service/src/srv/sendmail.cpp,exodus/libexodus/exodus/printtx.hpp
exodusdb/exodusdb,service/src/srv/listen5.cpp,exodus/libexodus/exodus/printtx.hpp
exodusdb/exodusdb,service/src/srv/initgeneral.cpp,exodus/libexodus/exodus/printtx.hpp
exodusdb/exodusdb,service/src/srv/monitor2.cpp,exodus/libexodus/exodus/printtx.hpp
exodusdb/exodusdb,service/src/srv/getlang.cpp,exodus/libexodus/exodus/printtx.hpp
exodusdb/exodusdb,service/src/sys/ranges2list.cpp,exodus/libexodus/exodus/printtx.hpp
exodusdb/exodusdb,service/src/srv/shutdownothers.cpp,exodus/libexodus/exodus/printtx.hpp
exodusdb/exodusdb,service/src/srv/listen.cpp,exodus/libexodus/exodus/printtx.hpp
exodusdb/exodusdb,service/src/srv/listen.cpp,exodus/libexodus/exodus/exofuncs.cpp
exodusdb/exodusdb,service/src/srv/listen5.cpp,exodus/libexodus/exodus/exofuncs.cpp
exodusdb/exodusdb,service/src/srv/log2.cpp,exodus/libexodus/exodus/exofuncs.cpp
exodusdb/exodusdb,service/src/srv/autorun3.cpp,exodus/libexodus/exodus/exofuncs.cpp
exodusdb/exodusdb,service/src/srv/builddict.cpp,exodus/libexodus/exodus/exofuncs.cpp
exodusdb/exodusdb,service/src/srv/sendmail.cpp,exodus/libexodus/exodus/exofuncs.cpp
exodusdb/exodusdb,service/src/srv/uconvfile.cpp,exodus/libexodus/exodus/exofuncs.cpp
exodusdb/exodusdb,service/src/srv/shutdownothers.cpp,exodus/libexodus/exodus/exofuncs.cpp
exodusdb/exodusdb,service/src/srv/getlang.cpp,exodus/libexodus/exodus/exofuncs.cpp
exodusdb/exodusdb,service/src/srv/securitysubs.cpp,exodus/libexodus/exodus/exofuncs.cpp
exodusdb/exodusdb,service/src/srv/listen2.cpp,exodus/libexodus/exodus/exofuncs.cpp
exodusdb/exodusdb,service/src/srv/initgeneral.cpp,exodus/libexodus/exodus/exofuncs.cpp
exodusdb/exodusdb,service/src/sys/ranges2list.cpp,exodus/libexodus/exodus/exofuncs.cpp
exodusdb/exodusdb,service/src/srv/monitor2.cpp,exodus/libexodus/exodus/exofuncs.cpp
exodusdb/exodusdb,service/src/srv/monitor2.cpp,exodus/libexodus/exodus/varfuncs.cpp
exodusdb/exodusdb,service/src/srv/listen5.cpp,exodus/libexodus/exodus/varfuncs.cpp
exodusdb/exodusdb,service/src/srv/listen2.cpp,exodus/libexodus/exodus/varfuncs.cpp
exodusdb/exodusdb,service/src/srv/securitysubs.cpp,exodus/libexodus/exodus/varfuncs.cpp
exodusdb/exodusdb,service/src/srv/uconvfile.cpp,exodus/libexodus/exodus/varfuncs.cpp
exodusdb/exodusdb,service/src/srv/shutdownothers.cpp,exodus/libexodus/exodus/varfuncs.cpp
exodusdb/exodusdb,service/src/srv/initgeneral.cpp,exodus/libexodus/exodus/varfuncs.cpp
exodusdb/exodusdb,service/src/srv/getlang.cpp,exodus/libexodus/exodus/varfuncs.cpp
exodusdb/exodusdb,service/src/srv/builddict.cpp,exodus/libexodus/exodus/varfuncs.cpp
exodusdb/exodusdb,service/src/sys/ranges2list.cpp,exodus/libexodus/exodus/varfuncs.cpp
exodusdb/exodusdb,service/src/srv/autorun3.cpp,exodus/libexodus/exodus/varfuncs.cpp
exodusdb/exodusdb,service/src/srv/listen.cpp,exodus/libexodus/exodus/varfuncs.cpp
exodusdb/exodusdb,service/src/srv/log2.cpp,exodus/libexodus/exodus/varfuncs.cpp
exodusdb/exodusdb,service/src/srv/sendmail.cpp,exodus/libexodus/exodus/varfuncs.cpp
exodusdb/exodusdb,service/src/srv/monitor2.cpp,exodus/libexodus/exodus/vardbconn.cpp
exodusdb/exodusdb,service/src/srv/sendmail.cpp,exodus/libexodus/exodus/vardbconn.cpp
exodusdb/exodusdb,service/src/srv/listen5.cpp,exodus/libexodus/exodus/vardbconn.cpp
exodusdb/exodusdb,service/src/srv/autorun3.cpp,exodus/libexodus/exodus/vardbconn.cpp
exodusdb/exodusdb,service/src/srv/log2.cpp,exodus/libexodus/exodus/vardbconn.cpp
exodusdb/exodusdb,service/src/srv/listen2.cpp,exodus/libexodus/exodus/vardbconn.cpp
exodusdb/exodusdb,service/src/srv/getlang.cpp,exodus/libexodus/exodus/vardbconn.cpp
exodusdb/exodusdb,service/src/srv/initgeneral.cpp,exodus/libexodus/exodus/vardbconn.cpp
exodusdb/exodusdb,service/src/srv/uconvfile.cpp,exodus/libexodus/exodus/vardbconn.cpp
exodusdb/exodusdb,service/src/sys/ranges2list.cpp,exodus/libexodus/exodus/vardbconn.cpp
exodusdb/exodusdb,service/src/srv/listen.cpp,exodus/libexodus/exodus/vardbconn.cpp
exodusdb/exodusdb,service/src/srv/builddict.cpp,exodus/libexodus/exodus/vardbconn.cpp
exodusdb/exodusdb,service/src/srv/securitysubs.cpp,exodus/libexodus/exodus/vardbconn.cpp
exodusdb/exodusdb,service/src/srv/shutdownothers.cpp,exodus/libexodus/exodus/vardbconn.cpp
exodusdb/exodusdb,service/src/srv/initgeneral.cpp,exodus/libexodus/exodus/varioconv.cpp
exodusdb/exodusdb,service/src/srv/monitor2.cpp,exodus/libexodus/exodus/varioconv.cpp
exodusdb/exodusdb,service/src/srv/builddict.cpp,exodus/libexodus/exodus/varioconv.cpp
exodusdb/exodusdb,service/src/srv/shutdownothers.cpp,exodus/libexodus/exodus/varioconv.cpp
exodusdb/exodusdb,service/src/sys/ranges2list.cpp,exodus/libexodus/exodus/varioconv.cpp
exodusdb/exodusdb,service/src/srv/log2.cpp,exodus/libexodus/exodus/varioconv.cpp
exodusdb/exodusdb,service/src/srv/autorun3.cpp,exodus/libexodus/exodus/varioconv.cpp
exodusdb/exodusdb,service/src/srv/sendmail.cpp,exodus/libexodus/exodus/varioconv.cpp
exodusdb/exodusdb,service/src/srv/listen.cpp,exodus/libexodus/exodus/varioconv.cpp
exodusdb/exodusdb,service/src/srv/uconvfile.cpp,exodus/libexodus/exodus/varioconv.cpp
exodusdb/exodusdb,service/src/srv/listen2.cpp,exodus/libexodus/exodus/varioconv.cpp
exodusdb/exodusdb,service/src/srv/securitysubs.cpp,exodus/libexodus/exodus/varioconv.cpp
exodusdb/exodusdb,service/src/srv/listen5.cpp,exodus/libexodus/exodus/varioconv.cpp
exodusdb/exodusdb,service/src/srv/getlang.cpp,exodus/libexodus/exodus/varioconv.cpp
exodusdb/exodusdb,service/src/srv/securitysubs.cpp,exodus/libexodus/exodus/exocallable.cpp
exodusdb/exodusdb,service/src/srv/uconvfile.cpp,exodus/libexodus/exodus/exocallable.cpp
exodusdb/exodusdb,service/src/srv/listen.cpp,exodus/libexodus/exodus/exocallable.cpp
exodusdb/exodusdb,service/src/srv/getlang.cpp,exodus/libexodus/exodus/exocallable.cpp
exodusdb/exodusdb,service/src/sys/ranges2list.cpp,exodus/libexodus/exodus/exocallable.cpp
exodusdb/exodusdb,service/src/srv/listen2.cpp,exodus/libexodus/exodus/exocallable.cpp
exodusdb/exodusdb,service/src/srv/log2.cpp,exodus/libexodus/exodus/exocallable.cpp
exodusdb/exodusdb,service/src/srv/autorun3.cpp,exodus/libexodus/exodus/exocallable.cpp
exodusdb/exodusdb,service/src/srv/sendmail.cpp,exodus/libexodus/exodus/exocallable.cpp
exodusdb/exodusdb,service/src/srv/monitor2.cpp,exodus/libexodus/exodus/exocallable.cpp
exodusdb/exodusdb,service/src/srv/listen5.cpp,exodus/libexodus/exodus/exocallable.cpp
exodusdb/exodusdb,service/src/srv/initgeneral.cpp,exodus/libexodus/exodus/exocallable.cpp
exodusdb/exodusdb,service/src/srv/shutdownothers.cpp,exodus/libexodus/exodus/exocallable.cpp
exodusdb/exodusdb,service/src/srv/builddict.cpp,exodus/libexodus/exodus/exocallable.cpp
rcaelers/workrave,ui/app/toolkits/gtkmm/PreferencesDialog.cc,libs/input-monitor/src/unix/RecordInputMonitor.cc
rcaelers/workrave,ui/app/toolkits/gtkmm/PreferencesDialog.hh,libs/input-monitor/src/unix/RecordInputMonitor.cc
nsnam/ns-3-dev-git,src/tap-bridge/model/tap-creator.cc,src/wifi/model/wifi-mac.cc
nsnam/ns-3-dev-git,src/lte/model/ff-mac-csched-sap.h,src/lte/model/lte-enb-mac.h
nsnam/ns-3-dev-git,src/lte/model/lte-pdcp-sap.h,src/lte/model/lte-rlc-am.cc
nsnam/ns-3-dev-git,src/lte/model/lte-pdcp-sap.h,src/lte/model/lte-rlc-um.cc
nsnam/ns-3-dev-git,src/lte/model/ff-mac-csched-sap.h,src/lte/model/lte-ue-mac.cc
nsnam/ns-3-dev-git,src/lte/model/ff-mac-csched-sap.h,src/lte/model/lte-ue-phy.cc
nsnam/ns-3-dev-git,src/lte/model/ff-mac-csched-sap.h,src/lte/model/lte-ue-rrc.cc
nsnam/ns-3-dev-git,src/tap-bridge/model/tap-creator.cc,src/uan/model/uan-mac-cw.cc
nsnam/ns-3-dev-git,src/tap-bridge/model/tap-creator.cc,src/uan/model/uan-mac-rc.cc
nsnam/ns-3-dev-git,src/dsr/model/dsr-rcache.h,src/dsr/model/dsr-routing.cc
nsnam/ns-3-dev-git,src/lte/model/ff-mac-csched-sap.h,src/lte/model/lte-enb-mac.cc
nsnam/ns-3-dev-git,src/lte/model/ff-mac-csched-sap.h,src/lte/model/lte-enb-phy.cc
nsnam/ns-3-dev-git,src/lte/model/ff-mac-csched-sap.h,src/lte/model/lte-enb-rrc.cc
nsnam/ns-3-dev-git,src/tap-bridge/model/tap-creator.cc,src/uan/model/uan-phy-dual.h
nsnam/ns-3-dev-git,src/tap-bridge/model/tap-creator.cc,src/uan/model/uan-phy-gen.cc
nsnam/ns-3-dev-git,src/tap-bridge/model/tap-creator.cc,src/olsr/model/olsr-header.cc
nsnam/ns-3-dev-git,src/tap-bridge/model/tap-creator.cc,src/uan/model/uan-phy-dual.cc
nsnam/ns-3-dev-git,src/tap-bridge/model/tap-creator.cc,src/wifi/helper/wifi-helper.h
nsnam/ns-3-dev-git,src/tap-bridge/model/tap-creator.cc,src/wifi/model/mgt-headers.cc
nsnam/ns-3-dev-git,src/tap-bridge/model/tap-creator.cc,src/uan/model/uan-mac-aloha.cc
nsnam/ns-3-dev-git,src/tap-bridge/model/tap-creator.cc,src/uan/model/uan-mac-rc-gw.cc
nsnam/ns-3-dev-git,src/tap-bridge/model/tap-creator.cc,src/uan/model/uan-net-device.cc
nsnam/ns-3-dev-git,src/tap-bridge/model/tap-creator.cc,src/uan/model/uan-prop-model.cc
nsnam/ns-3-dev-git,src/tap-bridge/model/tap-creator.cc,src/wimax/model/bs-net-device.cc
nsnam/ns-3-dev-git,src/tap-bridge/model/tap-creator.cc,src/wifi/model/wifi-net-device.cc
nsnam/ns-3-dev-git,src/lte/model/ff-mac-csched-sap.h,src/lte/model/rr-ff-mac-scheduler.cc
nsnam/ns-3-dev-git,src/tap-bridge/model/tap-creator.cc,src/wifi/model/interference-helper.cc
nsnam/ns-3-dev-git,src/tap-bridge/model/tap-creator.cc,src/dsdv/model/dsdv-routing-protocol.cc
nsnam/ns-3-dev-git,src/tap-bridge/model/tap-creator.cc,src/wifi/model/wifi-remote-station-manager.cc
nsnam/ns-3-dev-git,src/tap-bridge/model/tap-creator.cc,src/nix-vector-routing/examples/nms-p2p-nix.cc
nsnam/ns-3-dev-git,src/tap-bridge/model/tap-creator.cc,src/wimax/model/snr-to-block-error-rate-manager.cc
paul-j-lucas/cdecl,src/english.c,src/help.c
paul-j-lucas/cdecl,src/types.h,src/help.c
paul-j-lucas/cdecl,src/color.c,src/help.c
paul-j-lucas/cdecl,src/slist.c,src/help.c
paul-j-lucas/cdecl,src/literals.c,src/help.c
paul-j-lucas/cdecl,src/literals.h,src/help.c
VROOM-Project/vroom,src/structures/vroom/vehicle.h,src/structures/vroom/input/input.cpp
project-gemmi/gemmi,prog/prep.cpp,src/prep.cpp
project64/project64,Source/Project64-core/N64System/N64System.cpp,Source/Project64-core/N64System/Mips/Register.cpp
oneeyeman1/dbhandler,libsqlite/database_sqlite.h,libdialogs/dialogs.cpp
oneeyeman1/dbhandler,dbinterface/database.h,libdialogs/dialogs.cpp
oneeyeman1/dbhandler,libsqlite/database_sqlite.h,libdialogs/selecttables.h
oneeyeman1/dbhandler,dbinterface/database.h,libdialogs/selecttables.h
oneeyeman1/dbhandler,dbinterface/database.h,libodbc/database_odbc.cpp
oneeyeman1/dbhandler,libsqlite/database_sqlite.h,libodbc/database_odbc.cpp
oneeyeman1/dbhandler,libsqlite/database_sqlite.h,libdialogs/selecttables.cpp
oneeyeman1/dbhandler,dbinterface/database.h,libdialogs/selecttables.cpp
opencog/link-grammar,link-grammar/dict-atomese/fetch-cats.cc,link-grammar/dict-atomese/word-pairs.cc
zenorogue/hyperrogue,hyper.h,shmup.cpp
zenorogue/hyperrogue,mapeditor.cpp,shmup.cpp
bradharding/doomretro,src/d_deh.c,src/w_wad.c
bradharding/doomretro,src/i_video.h,src/w_wad.c
bradharding/doomretro,src/v_data.c,src/w_wad.c
bradharding/doomretro,src/p_setup.c,src/w_wad.c
bradharding/doomretro,src/d_deh.h,src/w_wad.c
bradharding/doomretro,src/m_misc.c,src/w_wad.c
bradharding/doomretro,src/p_inter.c,src/w_wad.c
bradharding/doomretro,src/i_video.h,src/m_menu.c
bradharding/doomretro,src/d_deh.c,src/m_menu.c
bradharding/doomretro,src/m_misc.c,src/m_menu.c
bradharding/doomretro,src/p_inter.c,src/m_menu.c
bradharding/doomretro,src/v_data.c,src/m_menu.c
bradharding/doomretro,src/d_deh.h,src/m_menu.c
bradharding/doomretro,src/p_setup.c,src/m_menu.c
bradharding/doomretro,src/p_inter.c,src/p_mobj.c
bradharding/doomretro,src/m_misc.c,src/p_mobj.c
bradharding/doomretro,src/i_video.h,src/p_mobj.c
bradharding/doomretro,src/v_data.c,src/p_mobj.c
bradharding/doomretro,src/p_setup.c,src/p_mobj.c
bradharding/doomretro,src/d_deh.c,src/p_mobj.c
bradharding/doomretro,src/d_deh.h,src/p_mobj.c
bradharding/doomretro,src/v_data.c,src/p_enemy.c
bradharding/doomretro,src/d_deh.c,src/p_enemy.c
bradharding/doomretro,src/d_deh.h,src/p_enemy.c
bradharding/doomretro,src/i_video.h,src/p_enemy.c
bradharding/doomretro,src/m_misc.c,src/p_enemy.c
bradharding/doomretro,src/p_inter.c,src/p_enemy.c
bradharding/doomretro,src/p_setup.c,src/p_enemy.c
bradharding/doomretro,src/p_inter.c,src/st_stuff.c
bradharding/doomretro,src/d_deh.h,src/st_stuff.c
bradharding/doomretro,src/v_data.c,src/st_stuff.c
bradharding/doomretro,src/p_setup.c,src/st_stuff.c
bradharding/doomretro,src/i_video.h,src/st_stuff.c
bradharding/doomretro,src/m_misc.c,src/st_stuff.c
bradharding/doomretro,src/d_deh.c,src/st_stuff.c
miranda-ng/miranda-ng,utils/mir_signal.h,protocols/WhatsApp/src/appsync.cpp
ColinIanKing/stress-ng,stress-clock.c,stress-link.c
ColinIanKing/stress-ng,stress-utime.c,stress-link.c
ColinIanKing/stress-ng,stress-pthread.c,stress-link.c
ColinIanKing/stress-ng,stress-pthread.c,stress-mmap.c
ColinIanKing/stress-ng,stress-clock.c,stress-mmap.c
ColinIanKing/stress-ng,stress-utime.c,stress-mmap.c
ColinIanKing/stress-ng,stress-jpeg.c,stress-fsize.c
ColinIanKing/stress-ng,stress-pagemove.c,stress-fsize.c
ColinIanKing/stress-ng,stress-ring-pipe.c,stress-fsize.c
ColinIanKing/stress-ng,stress-llc-affinity.c,stress-fsize.c
ColinIanKing/stress-ng,stress-vecshuf.c,stress-fsize.c
ColinIanKing/stress-ng,stress-flushcache.c,stress-fsize.c
ColinIanKing/stress-ng,stress-flushcache.c,stress-syscall.c
ColinIanKing/stress-ng,stress-pagemove.c,stress-syscall.c
ColinIanKing/stress-ng,stress-ring-pipe.c,stress-syscall.c
ColinIanKing/stress-ng,stress-llc-affinity.c,stress-syscall.c
ColinIanKing/stress-ng,stress-jpeg.c,stress-syscall.c
ColinIanKing/stress-ng,stress-vecshuf.c,stress-syscall.c
darktable-org/rawspeed,src/librawspeed/common/RawImageDataU16.cpp,src/librawspeed/common/Point.h
darktable-org/rawspeed,src/librawspeed/decompressors/UncompressedDecompressor.h,src/librawspeed/common/Point.h
darktable-org/rawspeed,src/librawspeed/decompressors/UncompressedDecompressor.cpp,src/librawspeed/common/Point.h
darktable-org/rawspeed,src/librawspeed/io/Endianness.h,src/librawspeed/common/Point.h
darktable-org/rawspeed,src/librawspeed/common/RawImageDataFloat.cpp,src/librawspeed/common/Point.h
darktable-org/rawspeed,src/librawspeed/common/RawImage.cpp,src/librawspeed/common/Point.h
darktable-org/rawspeed,src/librawspeed/common/RawImage.h,src/librawspeed/common/Point.h
darktable-org/rawspeed,src/utilities/identify/rawspeed-identify.cpp,src/librawspeed/common/Point.h
darktable-org/rawspeed,src/librawspeed/decompressors/DeflateDecompressor.cpp,src/librawspeed/common/Point.h
darktable-org/rawspeed,src/librawspeed/io/Endianness.h,src/librawspeed/common/DngOpcodes.cpp
darktable-org/rawspeed,src/librawspeed/common/RawImage.cpp,src/librawspeed/common/DngOpcodes.cpp
darktable-org/rawspeed,src/librawspeed/common/RawImageDataU16.cpp,src/librawspeed/common/DngOpcodes.cpp
darktable-org/rawspeed,src/librawspeed/decompressors/UncompressedDecompressor.h,src/librawspeed/common/DngOpcodes.cpp
darktable-org/rawspeed,src/utilities/identify/rawspeed-identify.cpp,src/librawspeed/common/DngOpcodes.cpp
darktable-org/rawspeed,src/librawspeed/common/RawImage.h,src/librawspeed/common/DngOpcodes.cpp
darktable-org/rawspeed,src/librawspeed/common/RawImageDataFloat.cpp,src/librawspeed/common/DngOpcodes.cpp
darktable-org/rawspeed,src/librawspeed/decompressors/DeflateDecompressor.cpp,src/librawspeed/common/DngOpcodes.cpp
darktable-org/rawspeed,src/librawspeed/decompressors/UncompressedDecompressor.cpp,src/librawspeed/common/DngOpcodes.cpp
darktable-org/rawspeed,src/librawspeed/common/RawImage.cpp,src/librawspeed/decoders/DngDecoder.cpp
darktable-org/rawspeed,src/librawspeed/decompressors/DeflateDecompressor.cpp,src/librawspeed/decoders/DngDecoder.cpp
darktable-org/rawspeed,src/utilities/identify/rawspeed-identify.cpp,src/librawspeed/decoders/DngDecoder.cpp
darktable-org/rawspeed,src/librawspeed/decompressors/UncompressedDecompressor.h,src/librawspeed/decoders/DngDecoder.cpp
darktable-org/rawspeed,src/librawspeed/io/Endianness.h,src/librawspeed/decoders/DngDecoder.cpp
darktable-org/rawspeed,src/librawspeed/common/RawImageDataU16.cpp,src/librawspeed/decoders/DngDecoder.cpp
darktable-org/rawspeed,src/librawspeed/decompressors/UncompressedDecompressor.cpp,src/librawspeed/decoders/DngDecoder.cpp
darktable-org/rawspeed,src/librawspeed/common/RawImage.h,src/librawspeed/decoders/DngDecoder.cpp
darktable-org/rawspeed,src/librawspeed/common/RawImageDataFloat.cpp,src/librawspeed/decoders/DngDecoder.cpp
darktable-org/rawspeed,src/librawspeed/decompressors/UncompressedDecompressor.cpp,src/librawspeed/decompressors/LJpegDecompressor.cpp
darktable-org/rawspeed,src/utilities/identify/rawspeed-identify.cpp,src/librawspeed/decompressors/LJpegDecompressor.cpp
darktable-org/rawspeed,src/librawspeed/common/RawImageDataU16.cpp,src/librawspeed/decompressors/LJpegDecompressor.cpp
darktable-org/rawspeed,src/librawspeed/common/RawImage.cpp,src/librawspeed/decompressors/LJpegDecompressor.cpp
darktable-org/rawspeed,src/librawspeed/decompressors/DeflateDecompressor.cpp,src/librawspeed/decompressors/LJpegDecompressor.cpp
darktable-org/rawspeed,src/librawspeed/common/RawImage.h,src/librawspeed/decompressors/LJpegDecompressor.cpp
darktable-org/rawspeed,src/librawspeed/common/RawImageDataFloat.cpp,src/librawspeed/decompressors/LJpegDecompressor.cpp
darktable-org/rawspeed,src/librawspeed/io/Endianness.h,src/librawspeed/decompressors/LJpegDecompressor.cpp
darktable-org/rawspeed,src/librawspeed/decompressors/UncompressedDecompressor.h,src/librawspeed/decompressors/LJpegDecompressor.cpp
codeonwort/pathosengine,projects/PathosEngine/src/pathos/render/shadow_directional.h,projects/PathosEngine/src/pathos/thread/render_thread.cpp
codeonwort/pathosengine,projects/PathosEngine/src/pathos/render/visualize_buffer.cpp,projects/PathosEngine/src/pathos/thread/render_thread.cpp
codeonwort/pathosengine,projects/PathosEngine/src/pathos/render/render_device.h,projects/PathosEngine/src/pathos/render/scene_render_targets.cpp
codeonwort/pathosengine,projects/PathosEngine/src/pathos/render/sky_ansel.h,projects/PathosEngine/src/pathos/render/scene_render_targets.cpp
codeonwort/pathosengine,projects/PathosEngine/src/pathos/render/shadow_directional.h,projects/PathosEngine/src/pathos/render/postprocessing/super_res_fsr1.cpp
codeonwort/pathosengine,projects/PathosEngine/src/pathos/render/visualize_buffer.cpp,projects/PathosEngine/src/pathos/render/postprocessing/super_res_fsr1.cpp
lethal-guitar/RigelEngine,src/frontend/game_runner.cpp,src/frontend/game.cpp
lethal-guitar/RigelEngine,src/game_logic/demo_player.hpp,src/frontend/game.cpp
lethal-guitar/RigelEngine,src/ui/ingame_menu.cpp,src/frontend/game.cpp
lethal-guitar/RigelEngine,src/game_logic_classic/common.h,src/frontend/user_profile.cpp
lethal-guitar/RigelEngine,src/game_logic_classic/gamedefs.h,src/frontend/user_profile.cpp
lethal-guitar/RigelEngine,src/game_logic_classic/actors.h,src/frontend/user_profile.cpp
lethal-guitar/RigelEngine,src/game_logic_classic/gamedefs.h,src/game_logic_classic/game1.c
lethal-guitar/RigelEngine,src/game_logic_classic/actors.h,src/game_logic_classic/game1.c
lethal-guitar/RigelEngine,src/game_logic_classic/common.h,src/game_logic_classic/game1.c
lethal-guitar/RigelEngine,src/game_logic_classic/gamedefs.h,src/game_logic_classic/actors.c
lethal-guitar/RigelEngine,src/game_logic_classic/common.h,src/game_logic_classic/actors.c
lethal-guitar/RigelEngine,src/game_logic_classic/actors.h,src/game_logic_classic/actors.c
lethal-guitar/RigelEngine,src/game_logic_classic/actors.h,src/game_logic_classic/player.c
lethal-guitar/RigelEngine,src/game_logic_classic/common.h,src/game_logic_classic/player.c
lethal-guitar/RigelEngine,src/game_logic_classic/gamedefs.h,src/game_logic_classic/player.c
lethal-guitar/RigelEngine,src/game_logic_classic/actors.h,src/game_logic_classic/particls.c
lethal-guitar/RigelEngine,src/game_logic_classic/common.h,src/game_logic_classic/particls.c
lethal-guitar/RigelEngine,src/game_logic_classic/gamedefs.h,src/game_logic_classic/particls.c
DiligentGraphics/DiligentCore,Graphics/GraphicsEngine/src/DearchiverBase.cpp,Graphics/Archiver/src/Archiver_GL.cpp
MikkelSchubert/adapterremoval,src/statistics.hpp,src/fastq_io.cpp
MikkelSchubert/adapterremoval,src/statistics.hpp,src/alignment.cpp
MikkelSchubert/adapterremoval,src/statistics.hpp,src/alignment.hpp
Washington-University/workbench,src/Brain/BrowserTabContent.h,src/Brain/BrowserTabContent.cxx
NeoGeographyToolkit/StereoPipeline,src/asp/Camera/LinescanDGModel.h,src/asp/GUI/GuiUtilities.h
treefrogframework/treefrog-framework,src/tepoll.h,src/tglobal.cpp
treefrogframework/treefrog-framework,src/tactioncontext.h,src/tglobal.cpp
treefrogframework/treefrog-framework,src/tepoll.cpp,src/tglobal.cpp
treefrogframework/treefrog-framework,src/tactioncontext.cpp,src/tglobal.cpp
treefrogframework/treefrog-framework,src/tactionworker.h,src/tfnamespace.h
treefrogframework/treefrog-framework,src/tactionthread.cpp,src/tfnamespace.h
treefrogframework/treefrog-framework,src/tepoll.cpp,src/tepollsocket.h
treefrogframework/treefrog-framework,src/tactioncontext.cpp,src/tepollsocket.h
treefrogframework/treefrog-framework,src/tepoll.h,src/tepollsocket.h
treefrogframework/treefrog-framework,src/tactioncontext.h,src/tepollsocket.h
treefrogframework/treefrog-framework,src/tepoll.cpp,src/tepollsocket.cpp
treefrogframework/treefrog-framework,src/tactioncontext.cpp,src/tepollsocket.cpp
treefrogframework/treefrog-framework,src/tactioncontext.h,src/tepollsocket.cpp
treefrogframework/treefrog-framework,src/tepoll.h,src/tepollsocket.cpp
treefrogframework/treefrog-framework,src/tepoll.cpp,tools/tfserver/main.cpp
treefrogframework/treefrog-framework,src/tactioncontext.cpp,tools/tfserver/main.cpp
treefrogframework/treefrog-framework,src/tepoll.h,tools/tfserver/main.cpp
treefrogframework/treefrog-framework,src/tactioncontext.h,tools/tfserver/main.cpp
striezel/weather-information-collector,src/json/SimdJsonOpenMeteo.hpp,src/json/NLohmannJsonOpenMeteo.cpp
striezel/weather-information-collector,src/json/SimdJsonOpenMeteo.hpp,src/json/NLohmannJsonOpenMeteo.hpp
